{
  "t2m": [
    [
      19.581857681274414,
      0
    ],
    [
      19.345434188842773,
      6
    ],
    [
      19.160017013549805,
      12
    ],
    [
      19.213825225830078,
      18
    ],
    [
      19.636791229248047,
      24
    ],
    [
      20.04915428161621,
      30
    ],
    [
      20.673847198486328,
      36
    ],
    [
      21.41584014892578,
      42
    ],
    [
      21.870115280151367,
      48
    ],
    [
      22.19403839111328,
      54
    ],
    [
      23.0604248046875,
      60
    ],
    [
      23.738651275634766,
      66
    ],
    [
      24.072561264038086,
      72
    ],
    [
      24.276718139648438,
      78
    ],
    [
      24.23206901550293,
      84
    ],
    [
      24.388126373291016,
      90
    ],
    [
      24.021411895751953,
      96
    ],
    [
      23.354389190673828,
      102
    ],
    [
      22.792394638061523,
      108
    ],
    [
      22.37880516052246,
      114
    ],
    [
      20.582395553588867,
      120
    ],
    [
      18.581857681274414,
      126
    ],
    [
      16.345434188842773,
      132
    ],
    [
      14.160017013549805,
      138
    ],
    [
      10.213825225830078,
      144
    ],
    [
      11.636791229248047,
      150
    ],
    [
      12.04915428161621,
      156
    ],
    [
      15.673847198486328,
      162
    ],
    [
      16.41584014892578,
      168
    ],
    [
      16.870115280151367,
      174
    ],
    [
      20.19403839111328,
      180
    ],
    [
      23.0604248046875,
      186
    ],
    [
      23.738651275634766,
      192
    ],
    [
      24.072561264038086,
      198
    ],
    [
      22.276718139648438,
      204
    ],
    [
      21.23206901550293,
      210
    ],
    [
      24.388126373291016,
      216
    ],
    [
      19.021411895751953,
      222
    ],
    [
      18.354389190673828,
      228
    ],
    [
      16.792394638061523,
      234
    ],
    [
      14.37880516052246,
      240
    ],
    [
      12.582395553588867,
      246
    ]
  ],
  "vis": [
    [
      0,
      0
    ],
    [
      12,
      6
    ],
    [
      10,
      12
    ],
    [
      15,
      18
    ],
    [
      15,
      24
    ],
    [
      12,
      30
    ],
    [
      10,
      36
    ],
    [
      20,
      42
    ],
    [
      20,
      48
    ],
    [
      12,
      54
    ],
    [
      12,
      60
    ],
    [
      20,
      66
    ],
    [
      20,
      72
    ],
    [
      10,
      78
    ],
    [
      10,
      84
    ],
    [
      16,
      90
    ],
    [
      16,
      96
    ],
    [
      10,
      102
    ],
    [
      10,
      108
    ],
    [
      18,
      114
    ],
    [
      16,
      120
    ],
    [
      0,
      126
    ],
    [
      12,
      132
    ],
    [
      10,
      138
    ],
    [
      15,
      144
    ],
    [
      15,
      150
    ],
    [
      12,
      156
    ],
    [
      10,
      162
    ],
    [
      20,
      168
    ],
    [
      20,
      174
    ],
    [
      12,
      180
    ],
    [
      12,
      186
    ],
    [
      20,
      192
    ],
    [
      20,
      198
    ],
    [
      10,
      204
    ],
    [
      10,
      210
    ],
    [
      16,
      216
    ],
    [
      16,
      222
    ],
    [
      10,
      228
    ],
    [
      10,
      234
    ],
    [
      18,
      240
    ],
    [
      16,
      246
    ]
  ],
  "u10m": [
    [
      -11.728686332702637,
      0
    ],
    [
      -11.846996307373047,
      6
    ],
    [
      -11.570541381835938,
      12
    ],
    [
      -10.872265815734863,
      18
    ],
    [
      -12.049772262573242,
      24
    ],
    [
      -12.351366996765137,
      30
    ],
    [
      -12.699925422668457,
      36
    ],
    [
      -12.199180603027344,
      42
    ],
    [
      -12.41515064239502,
      48
    ],
    [
      -10.985857963562012,
      54
    ],
    [
      -11.448439598083496,
      60
    ],
    [
      -9.006453514099121,
      66
    ],
    [
      -8.26990032196045,
      72
    ],
    [
      -6.912787914276123,
      78
    ],
    [
      -5.356998443603516,
      84
    ],
    [
      -2.8046555519104004,
      90
    ],
    [
      -5.103835105895996,
      96
    ],
    [
      -4.100632190704346,
      102
    ],
    [
      -3.9073266983032227,
      108
    ],
    [
      -6.2965474128723145,
      114
    ],
    [
      -10.764182090759277,
      120
    ],
    [
      -10.728686332702637,
      126
    ],
    [
      -10.846996307373047,
      132
    ],
    [
      -10.570541381835938,
      138
    ],
    [
      -9.872265815734863,
      144
    ],
    [
      -8.049772262573242,
      150
    ],
    [
      -6.351366996765137,
      156
    ],
    [
      -7.699925422668457,
      162
    ],
    [
      -9.199180603027344,
      168
    ],
    [
      -12.41515064239502,
      174
    ],
    [
      -12.985857963562012,
      180
    ],
    [
      -12.448439598083496,
      186
    ],
    [
      -11.006453514099121,
      192
    ],
    [
      -8.26990032196045,
      198
    ],
    [
      -6.912787914276123,
      204
    ],
    [
      -5.356998443603516,
      210
    ],
    [
      -2.8046555519104004,
      216
    ],
    [
      -5.103835105895996,
      222
    ],
    [
      -4.100632190704346,
      228
    ],
    [
      -3.9073266983032227,
      234
    ],
    [
      -6.2965474128723145,
      240
    ],
    [
      -10.764182090759277,
      246
    ]
  ],
  "v10m": [
    [
      -11.682821273803711,
      0
    ],
    [
      -12.269619941711426,
      6
    ],
    [
      -10.917840003967285,
      12
    ],
    [
      -10.716964721679688,
      18
    ],
    [
      -10.22871208190918,
      24
    ],
    [
      -9.039933204650879,
      30
    ],
    [
      -7.667984962463379,
      36
    ],
    [
      -6.106250762939453,
      42
    ],
    [
      -6.064846992492676,
      48
    ],
    [
      -5.911098957061768,
      54
    ],
    [
      -3.692683696746826,
      60
    ],
    [
      -4.0573906898498535,
      66
    ],
    [
      -3.3986876010894775,
      72
    ],
    [
      -0.9246319532394409,
      78
    ],
    [
      2.394019365310669,
      84
    ],
    [
      4.864852428436279,
      90
    ],
    [
      -5.484610080718994,
      96
    ],
    [
      -5.920465469360352,
      102
    ],
    [
      -8.206381797790527,
      108
    ],
    [
      -8.015037536621094,
      114
    ],
    [
      -6.318290710449219,
      120
    ],
    [
      -11.682821273803711,
      126
    ],
    [
      -12.269619941711426,
      132
    ],
    [
      -10.917840003967285,
      138
    ],
    [
      -10.716964721679688,
      144
    ],
    [
      -10.22871208190918,
      150
    ],
    [
      -9.039933204650879,
      156
    ],
    [
      -7.667984962463379,
      162
    ],
    [
      -6.106250762939453,
      168
    ],
    [
      -6.064846992492676,
      174
    ],
    [
      -5.911098957061768,
      180
    ],
    [
      -3.692683696746826,
      186
    ],
    [
      -4.0573906898498535,
      192
    ],
    [
      -3.3986876010894775,
      198
    ],
    [
      -0.9246319532394409,
      204
    ],
    [
      2.394019365310669,
      210
    ],
    [
      4.864852428436279,
      216
    ],
    [
      -5.484610080718994,
      222
    ],
    [
      -5.920465469360352,
      228
    ],
    [
      -8.206381797790527,
      234
    ],
    [
      -8.015037536621094,
      240
    ],
    [
      -6.318290710449219,
      246
    ]
  ],
  "time": {
    "yearmonth": "201901",
    "day": 1,
    "hour": 12,
    "fileTime": "19010120"
  }
}