{
  "t2m": [
    [
      19.495464324951172,
      0
    ],
    [
      20.229028701782227,
      6
    ],
    [
      19.512426376342773,
      12
    ],
    [
      18.409936904907227,
      18
    ],
    [
      18.77510643005371,
      24
    ],
    [
      19.638843536376953,
      30
    ],
    [
      18.58343505859375,
      36
    ],
    [
      19.413131713867188,
      42
    ],
    [
      17.943737030029297,
      48
    ],
    [
      19.65047836303711,
      54
    ],
    [
      19.118356704711914,
      60
    ],
    [
      18.37351417541504,
      66
    ],
    [
      18.801170349121094,
      72
    ],
    [
      20.325061798095703,
      78
    ],
    [
      19.78891944885254,
      84
    ],
    [
      19.205961227416992,
      90
    ],
    [
      19.443185806274414,
      96
    ],
    [
      20.6042423248291,
      102
    ],
    [
      19.763551712036133,
      108
    ],
    [
      18.83720588684082,
      114
    ],
    [
      19.0142879486084,
      120
    ]
  ],
  "vis": [
    [
      0,
      0
    ],
    [
      16,
      6
    ],
    [
      10,
      12
    ],
    [
      10,
      18
    ],
    [
      16,
      24
    ],
    [
      16,
      30
    ],
    [
      10,
      36
    ],
    [
      10,
      42
    ],
    [
      14,
      48
    ],
    [
      16,
      54
    ],
    [
      10,
      60
    ],
    [
      10,
      66
    ],
    [
      16,
      72
    ],
    [
      16,
      78
    ],
    [
      9,
      84
    ],
    [
      9,
      90
    ],
    [
      14,
      96
    ],
    [
      14,
      102
    ],
    [
      9,
      108
    ],
    [
      9,
      114
    ],
    [
      14,
      120
    ]
  ],
  "u10m": [
    [
      -13.329808235168457,
      0
    ],
    [
      -14.649894714355469,
      6
    ],
    [
      -14.292134284973145,
      12
    ],
    [
      -14.955023765563965,
      18
    ],
    [
      -13.832767486572266,
      24
    ],
    [
      -13.17725944519043,
      30
    ],
    [
      -12.996549606323242,
      36
    ],
    [
      -14.692756652832031,
      42
    ],
    [
      -11.23649787902832,
      48
    ],
    [
      -10.929031372070312,
      54
    ],
    [
      -9.500382423400879,
      60
    ],
    [
      -9.818284034729004,
      66
    ],
    [
      -9.738923072814941,
      72
    ],
    [
      -12.0246000289917,
      78
    ],
    [
      -12.098462104797363,
      84
    ],
    [
      -11.729394912719727,
      90
    ],
    [
      -9.95516300201416,
      96
    ],
    [
      -11.022500038146973,
      102
    ],
    [
      -9.663060188293457,
      108
    ],
    [
      -10.531161308288574,
      114
    ],
    [
      -9.908931732177734,
      120
    ]
  ],
  "v10m": [
    [
      -10.548683166503906,
      0
    ],
    [
      -11.680688858032227,
      6
    ],
    [
      -11.619135856628418,
      12
    ],
    [
      -11.815407752990723,
      18
    ],
    [
      -12.220293045043945,
      24
    ],
    [
      -13.428154945373535,
      30
    ],
    [
      -12.802458763122559,
      36
    ],
    [
      -9.711084365844727,
      42
    ],
    [
      -13.370193481445312,
      48
    ],
    [
      -13.994669914245605,
      54
    ],
    [
      -13.07662296295166,
      60
    ],
    [
      -12.20148754119873,
      66
    ],
    [
      -13.407403945922852,
      72
    ],
    [
      -12.270074844360352,
      78
    ],
    [
      -12.842915534973145,
      84
    ],
    [
      -13.144279479980469,
      90
    ],
    [
      -13.378137588500977,
      96
    ],
    [
      -12.226656913757324,
      102
    ],
    [
      -12.859042167663574,
      108
    ],
    [
      -12.243096351623535,
      114
    ],
    [
      -12.813623428344727,
      120
    ]
  ]
}