{
  "t2m": [
    [
      21.81254005432129,
      0
    ],
    [
      21.31831169128418,
      6
    ],
    [
      21.366060256958008,
      12
    ],
    [
      23.279375076293945,
      18
    ],
    [
      23.90625762939453,
      24
    ],
    [
      24.219268798828125,
      30
    ],
    [
      24.298582077026367,
      36
    ],
    [
      24.776304244995117,
      42
    ],
    [
      25.158065795898438,
      48
    ],
    [
      24.709569931030273,
      54
    ],
    [
      23.26463508605957,
      60
    ],
    [
      21.430185317993164,
      66
    ],
    [
      21.302602767944336,
      72
    ],
    [
      21.011173248291016,
      78
    ],
    [
      21.403223037719727,
      84
    ],
    [
      22.287948608398438,
      90
    ],
    [
      21.997146606445312,
      96
    ],
    [
      22.405241012573242,
      102
    ],
    [
      21.84984588623047,
      108
    ],
    [
      22.90877914428711,
      114
    ],
    [
      23.21026039123535,
      120
    ]
  ],
  "vis": [
    [
      0,
      0
    ],
    [
      9.302382469177246,
      6
    ],
    [
      9.371420860290527,
      12
    ],
    [
      15.382320404052734,
      18
    ],
    [
      13.168996810913086,
      24
    ],
    [
      9.302382469177246,
      30
    ],
    [
      9.371420860290527,
      36
    ],
    [
      15.382320404052734,
      42
    ],
    [
      13.168996810913086,
      48
    ],
    [
      9.302382469177246,
      54
    ],
    [
      10,
      60
    ],
    [
      15.382320404052734,
      66
    ],
    [
      13.168996810913086,
      72
    ],
    [
      9.302382469177246,
      78
    ],
    [
      10,
      84
    ],
    [
      15.382320404052734,
      90
    ],
    [
      13.168996810913086,
      96
    ],
    [
      9.302382469177246,
      102
    ],
    [
      10,
      108
    ],
    [
      15.382320404052734,
      114
    ],
    [
      13.168996810913086,
      120
    ]
  ],
  "u10m": [
    [
      -11.543766021728516,
      0
    ],
    [
      -12.367286682128906,
      6
    ],
    [
      -13.437365531921387,
      12
    ],
    [
      -12.987789154052734,
      18
    ],
    [
      -12.086767196655273,
      24
    ],
    [
      -10.021729469299316,
      30
    ],
    [
      -9.447097778320312,
      36
    ],
    [
      7.66641092300415,
      42
    ],
    [
      7.9443159103393555,
      48
    ],
    [
      7.9443159103393555,
      54
    ],
    [
      7.9443159103393555,
      60
    ],
    [
      -3.9686334133148193,
      66
    ],
    [
      -6.205028533935547,
      72
    ],
    [
      -6.39780855178833,
      78
    ],
    [
      -6.404739856719971,
      84
    ],
    [
      -5.954329490661621,
      90
    ],
    [
      -6.50062894821167,
      96
    ],
    [
      -6.2988715171813965,
      102
    ],
    [
      -5.882437229156494,
      108
    ],
    [
      -5.882437229156494,
      114
    ],
    [
      -8.337702751159668,
      120
    ]
  ],
  "v10m": [
    [
      -5.625532150268555,
      0
    ],
    [
      -9.264598846435547,
      6
    ],
    [
      -5.346508502960205,
      12
    ],
    [
      -2.160996913909912,
      18
    ],
    [
      -3.0767173767089844,
      24
    ],
    [
      -1.7164944410324097,
      30
    ],
    [
      0.74552983045578,
      36
    ],
    [
      3.1787471771240234,
      42
    ],
    [
      3.2917640209198,
      48
    ],
    [
      3.2917640209198,
      54
    ],
    [
      3.2917640209198,
      60
    ],
    [
      -8.076957702636719,
      66
    ],
    [
      -7.398568153381348,
      72
    ],
    [
      -7.628429412841797,
      78
    ],
    [
      -7.636694431304932,
      84
    ],
    [
      -7.099647521972656,
      90
    ],
    [
      -7.153576850891113,
      96
    ],
    [
      -6.931554317474365,
      102
    ],
    [
      -6.473291397094727,
      108
    ],
    [
      -6.473291397094727,
      114
    ],
    [
      -3.511035919189453,
      120
    ]
  ],
  "time": {
    "yearmonth": "201903",
    "day": 7,
    "hour": 12,
    "fileTime": "19030720"
  }
}