{
  "t2m": [
    [
      18.409482955932617,
      0
    ],
    [
      18.441970825195312,
      6
    ],
    [
      18.452552795410156,
      12
    ],
    [
      17.093097686767578,
      18
    ],
    [
      18.923503875732422,
      24
    ],
    [
      18.44964027404785,
      30
    ],
    [
      18.815067291259766,
      36
    ],
    [
      18.759952545166016,
      42
    ],
    [
      19.408517837524414,
      48
    ],
    [
      19.268720626831055,
      54
    ],
    [
      19.140727996826172,
      60
    ],
    [
      19.295698165893555,
      66
    ],
    [
      20.031705856323242,
      72
    ],
    [
      19.729001998901367,
      78
    ],
    [
      19.746089935302734,
      84
    ],
    [
      19.046031951904297,
      90
    ],
    [
      19.45111656188965,
      96
    ],
    [
      19.69411277770996,
      102
    ],
    [
      20.20186996459961,
      108
    ],
    [
      20.489521026611328,
      114
    ],
    [
      20.9882869720459,
      120
    ]
  ],
  "vis": [
    [
      0,
      0
    ],
    [
      12,
      6
    ],
    [
      12,
      12
    ],
    [
      20,
      18
    ],
    [
      30,
      24
    ],
    [
      12,
      30
    ],
    [
      12,
      36
    ],
    [
      30,
      42
    ],
    [
      30,
      48
    ],
    [
      12,
      54
    ],
    [
      12,
      60
    ],
    [
      14,
      66
    ],
    [
      14,
      72
    ],
    [
      9,
      78
    ],
    [
      9,
      84
    ],
    [
      30,
      90
    ],
    [
      20,
      96
    ],
    [
      12,
      102
    ],
    [
      12,
      108
    ],
    [
      30,
      114
    ],
    [
      30,
      120
    ]
  ],
  "u10m": [
    [
      -13.460103034973145,
      0
    ],
    [
      -15.064911842346191,
      6
    ],
    [
      -13.03156566619873,
      12
    ],
    [
      -11.607625007629395,
      18
    ],
    [
      -12.127138137817383,
      24
    ],
    [
      -11.121879577636719,
      30
    ],
    [
      -11.684486389160156,
      36
    ],
    [
      -11.684486389160156,
      42
    ],
    [
      -12.522171974182129,
      48
    ],
    [
      -12.732205390930176,
      54
    ],
    [
      -11.2769775390625,
      60
    ],
    [
      -11.647031784057617,
      66
    ],
    [
      -12.560970306396484,
      72
    ],
    [
      -10.380752563476562,
      78
    ],
    [
      -10.786547660827637,
      84
    ],
    [
      -9.553631782531738,
      90
    ],
    [
      -10.690622329711914,
      96
    ],
    [
      -10.09384822845459,
      102
    ],
    [
      -10.52117919921875,
      108
    ],
    [
      -11.235163688659668,
      114
    ],
    [
      -11.69332504272461,
      120
    ]
  ],
  "v10m": [
    [
      -11.743365287780762,
      0
    ],
    [
      -10.909098625183105,
      6
    ],
    [
      -12.989924430847168,
      12
    ],
    [
      -14.017955780029297,
      18
    ],
    [
      -13.30159854888916,
      24
    ],
    [
      -13.511247634887695,
      30
    ],
    [
      -12.07115364074707,
      36
    ],
    [
      -12.07115364074707,
      42
    ],
    [
      -10.744543075561523,
      48
    ],
    [
      -10.177468299865723,
      54
    ],
    [
      -11.35036849975586,
      60
    ],
    [
      -12.254990577697754,
      66
    ],
    [
      -11.562915802001953,
      72
    ],
    [
      -10.474655151367188,
      78
    ],
    [
      -9.959779739379883,
      84
    ],
    [
      -10.876410484313965,
      90
    ],
    [
      -9.566214561462402,
      96
    ],
    [
      -9.38402271270752,
      102
    ],
    [
      -8.101617813110352,
      108
    ],
    [
      -7.27700662612915,
      114
    ],
    [
      -6.123818397521973,
      120
    ]
  ],
  "time": {
    "yearmonth": "201812",
    "day": 29,
    "hour": 12,
    "fileTime": "18122920"
  }
}